{
    "data":{
        "groups":[{
            "materialIndex":0,
            "count":174,
            "start":0
        }],
        "attributes":{
            "color":{
                "itemSize":3,
                "type":"Float32Array",
                "array":[0.592157,0.396078,0.160784,0.592157,0.4,0.160784,0.592157,0.4,0.160784,0.811765,0.580392,0.282353,0.811765,0.580392,0.282353,0.811765,0.580392,0.282353,0.835294,0.639216,0.392157,0.847059,0.658824,0.427451,0.811765,0.580392,0.282353,0.592157,0.4,0.160784,0.592157,0.4,0.160784,0.592157,0.4,0.160784,0.592157,0.396078,0.160784,0.592157,0.396078,0.160784,0.592157,0.4,0.160784,0.592157,0.4,0.160784,0.592157,0.4,0.160784,0.592157,0.4,0.160784,0.592157,0.4,0.160784,0.592157,0.4,0.160784,0.827451,0.666667,0.415686,0.827451,0.666667,0.415686,0.827451,0.666667,0.415686,0.835294,0.643137,0.392157,0.811765,0.584314,0.290196,0.827451,0.666667,0.415686,0.827451,0.666667,0.415686,0.827451,0.666667,0.415686,0.592157,0.4,0.160784,0.592157,0.4,0.160784,0.592157,0.4,0.160784,0.811765,0.584314,0.290196,0.811765,0.580392,0.282353,0.811765,0.580392,0.282353,0.827451,0.666667,0.415686,0.827451,0.666667,0.415686,0.827451,0.666667,0.415686,0.827451,0.666667,0.415686,0.827451,0.666667,0.415686,0.827451,0.666667,0.415686,0.592157,0.396078,0.160784,0.85098,0.670588,0.447059,0.592157,0.4,0.160784,0.592157,0.396078,0.160784,0.827451,0.666667,0.415686,0.827451,0.666667,0.415686,0.827451,0.666667,0.415686,0.827451,0.666667,0.415686,0.827451,0.666667,0.415686,0.827451,0.666667,0.415686,0.827451,0.666667,0.415686,0.827451,0.666667,0.415686,0.827451,0.666667,0.415686,0.827451,0.666667,0.415686,0.827451,0.666667,0.415686,0.827451,0.666667,0.415686,0.827451,0.666667,0.415686,0.827451,0.666667,0.415686,0.827451,0.666667,0.415686,0.827451,0.666667,0.415686,0.827451,0.666667,0.415686,0.827451,0.666667,0.415686,0.827451,0.666667,0.415686,0.827451,0.666667,0.415686,0.827451,0.666667,0.415686,0.827451,0.666667,0.415686,0.827451,0.666667,0.415686,0.827451,0.666667,0.415686,0.843137,0.658824,0.423529,0.827451,0.666667,0.415686,0.827451,0.666667,0.415686,0.827451,0.666667,0.415686,0.811765,0.592157,0.301961,0.827451,0.666667,0.415686,0.827451,0.666667,0.415686,0.827451,0.666667,0.415686,0.827451,0.666667,0.415686,0.827451,0.666667,0.415686,0.827451,0.666667,0.415686,0.827451,0.666667,0.415686,0.827451,0.666667,0.415686,0.827451,0.666667,0.415686,0.827451,0.666667,0.415686,0.827451,0.666667,0.415686,0.827451,0.666667,0.415686,0.827451,0.666667,0.415686,0.827451,0.666667,0.415686,0.827451,0.666667,0.415686,0.827451,0.666667,0.415686,0.827451,0.666667,0.415686,0.827451,0.666667,0.415686,0.827451,0.666667,0.415686,0.827451,0.666667,0.415686,0.827451,0.666667,0.415686,0.827451,0.666667,0.415686,0.827451,0.666667,0.415686,0.827451,0.666667,0.415686,0.827451,0.666667,0.415686,0.827451,0.666667,0.415686,0.827451,0.666667,0.415686]
            },
            "normal":{
                "itemSize":3,
                "type":"Float32Array",
                "array":[0.822443,-0.466414,0.325571,0.833399,-0.404462,0.376537,0.758354,-0.437544,0.483108,-0.844417,0.302469,-0.442061,-0.579516,-0.400555,-0.709708,-0.629383,-0.539109,-0.559618,-0.826807,0.442915,-0.34666,-0.762749,0.476577,-0.437086,-0.768242,0.345103,-0.53914,0.620197,-0.0727866,0.78103,0.717246,-0.564745,0.408155,0.663717,-0.516495,0.540971,0.655263,-0.54741,0.520524,0.75573,-0.499802,0.423078,0.848598,0.0498978,0.526658,0.749596,0.0683004,0.658315,0.756401,-0.0517594,0.652028,0.245674,-0.957305,-0.152135,0.805963,-0.496445,0.322367,0.617145,-0.0454115,0.785516,-0.024977,0.390128,-0.920422,-0.024977,0.390128,-0.920422,-0.024977,0.390128,-0.920422,-0.66625,0.519364,-0.535081,-0.67629,0.409406,-0.612354,-0.787392,-0.0925842,0.609461,-0.787392,-0.0925842,0.609461,-0.787392,-0.0925842,0.609461,0.83639,0.117954,0.535264,0.42555,-0.90408,-0.038728,0.198035,-0.951903,-0.233711,-0.377178,-0.468795,-0.7987,0.198035,-0.951903,-0.233711,0.245674,-0.957305,-0.152135,-0.787669,-0.0933099,0.608992,-0.787669,-0.0933099,0.608992,-0.787669,-0.0933099,0.608992,0.0546792,0.941036,0.333859,0.0546792,0.941036,0.333859,0.0546792,0.941036,0.333859,0.830592,-0.45201,0.325205,-0.834315,0.431043,-0.343638,0.670644,-0.489608,0.557207,0.651692,-0.549058,0.523209,-0.0248673,0.39054,-0.92025,-0.0248673,0.39054,-0.92025,-0.0248673,0.39054,-0.92025,-0.0249776,0.390125,-0.920423,-0.0249776,0.390125,-0.920423,-0.0249776,0.390125,-0.920423,-0.0248668,0.390541,-0.92025,-0.0248668,0.390541,-0.92025,-0.0248668,0.390541,-0.92025,-0.0249715,0.390128,-0.920422,-0.0249715,0.390128,-0.920422,-0.0249715,0.390128,-0.920422,-0.0249763,0.390129,-0.920422,-0.0249763,0.390129,-0.920422,-0.0249763,0.390129,-0.920422,-0.0249762,0.390129,-0.920422,-0.0249762,0.390129,-0.920422,-0.0249762,0.390129,-0.920422,-0.0249775,0.390128,-0.920422,-0.0249775,0.390128,-0.920422,-0.0249775,0.390128,-0.920422,-0.0249757,0.390128,-0.920422,-0.0249757,0.390128,-0.920422,-0.0249757,0.390128,-0.920422,-0.666036,0.519303,-0.535417,-0.787391,-0.0925842,0.609461,-0.787391,-0.0925842,0.609461,-0.787391,-0.0925842,0.609461,0.42555,-0.90408,-0.038728,-0.78767,-0.0933102,0.60899,-0.78767,-0.0933102,0.60899,-0.78767,-0.0933102,0.60899,-0.78767,-0.0933106,0.60899,-0.78767,-0.0933106,0.60899,-0.78767,-0.0933106,0.60899,-0.787667,-0.0933118,0.608994,-0.787667,-0.0933118,0.608994,-0.787667,-0.0933118,0.608994,-0.78767,-0.0933083,0.60899,-0.78767,-0.0933083,0.60899,-0.78767,-0.0933083,0.60899,-0.787669,-0.0933106,0.608992,-0.787669,-0.0933106,0.608992,-0.787669,-0.0933106,0.608992,-0.78767,-0.09331,0.60899,-0.78767,-0.09331,0.60899,-0.78767,-0.09331,0.60899,0.0548051,0.941049,0.333801,0.0548051,0.941049,0.333801,0.0548051,0.941049,0.333801,0.0548021,0.94105,0.333799,0.0548021,0.94105,0.333799,0.0548021,0.94105,0.333799,0.0547383,0.941008,0.333929,0.0547383,0.941008,0.333929,0.0547383,0.941008,0.333929]
            },
            "position":{
                "itemSize":3,
                "type":"Float32Array",