{
    "data":{
        "groups":[{
            "materialIndex":0,
            "count":126,
            "start":0
        }],
        "attributes":{
            "color":{
                "itemSize":3,
                "type":"Float32Array",
                "array":[0.862745,0.698039,0.490196,0.862745,0.698039,0.490196,0.866667,0.709804,0.509804,0.870588,0.717647,0.521569,0.862745,0.698039,0.490196,0.811765,0.580392,0.282353,0.835294,0.639216,0.388235,0.815686,0.611765,0.333333,0.815686,0.611765,0.337255,0.815686,0.623529,0.352941,0.819608,0.627451,0.356863,0.819608,0.623529,0.34902,0.811765,0.588235,0.294118,0.811765,0.580392,0.286275,0.811765,0.580392,0.282353,0.827451,0.666667,0.415686,0.827451,0.666667,0.415686,0.827451,0.666667,0.415686,0.827451,0.666667,0.415686,0.827451,0.666667,0.415686,0.827451,0.666667,0.415686,0.592157,0.4,0.160784,0.592157,0.4,0.160784,0.592157,0.4,0.160784,0.827451,0.666667,0.415686,0.827451,0.666667,0.415686,0.827451,0.666667,0.415686,0.827451,0.666667,0.415686,0.827451,0.666667,0.415686,0.827451,0.666667,0.415686,0.592157,0.4,0.160784,0.588235,0.4,0.156863,0.588235,0.4,0.160784,0.592157,0.4,0.160784,0.811765,0.580392,0.282353,0.827451,0.666667,0.415686,0.827451,0.666667,0.415686,0.827451,0.666667,0.415686,0.827451,0.666667,0.415686,0.827451,0.666667,0.415686,0.827451,0.666667,0.415686,0.827451,0.666667,0.415686,0.827451,0.666667,0.415686,0.827451,0.666667,0.415686,0.827451,0.666667,0.415686,0.827451,0.666667,0.415686,0.827451,0.666667,0.415686,0.827451,0.666667,0.415686,0.827451,0.666667,0.415686,0.827451,0.666667,0.415686,0.827451,0.666667,0.415686,0.827451,0.666667,0.415686,0.827451,0.666667,0.415686,0.827451,0.666667,0.415686,0.827451,0.666667,0.415686,0.827451,0.666667,0.415686,0.827451,0.666667,0.415686,0.827451,0.666667,0.415686,0.827451,0.666667,0.415686,0.827451,0.666667,0.415686,0.827451,0.666667,0.415686,0.827451,0.666667,0.415686,0.827451,0.666667,0.415686,0.827451,0.666667,0.415686,0.827451,0.666667,0.415686,0.827451,0.666667,0.415686,0.827451,0.666667,0.415686,0.827451,0.666667,0.415686,0.827451,0.666667,0.415686,0.827451,0.666667,0.415686,0.827451,0.666667,0.415686,0.827451,0.666667,0.415686,0.827451,0.666667,0.415686,0.827451,0.666667,0.415686,0.592157,0.4,0.160784,0.592157,0.4,0.160784,0.592157,0.4,0.160784]
            },
            "normal":{
                "itemSize":3,
                "type":"Float32Array",
                "array":[0.525346,-0.757408,-0.387677,0.554888,-0.757805,-0.343181,0.435011,-0.828394,-0.352763,0.427351,-0.813929,-0.393475,0.548296,-0.702811,-0.453169,0.849513,-0.224525,-0.477371,0.619709,-0.673544,-0.402814,0.694052,0.692526,-0.196661,0.84582,0.0185553,-0.533097,0.613544,0.778375,-0.132847,-0.0266427,0.926389,0.375591,-0.187933,0.880917,0.434309,-0.185003,0.907468,0.377117,0.530015,0.847163,0.0367748,0.781823,-0.242286,-0.57445,0.00302989,-0.836518,0.547931,0.00302989,-0.836518,0.547931,0.00302989,-0.836518,0.547931,0.00691311,-0.834912,0.55034,0.00691311,-0.834912,0.55034,0.00691311,-0.834912,0.55034,-0.0266427,0.926389,0.375591,-0.437666,0.735954,0.516526,-0.187933,0.880917,0.434309,0.00561888,-0.835621,0.549277,0.00561888,-0.835621,0.549277,0.00561888,-0.835621,0.549277,-0.772963,-0.444586,-0.452627,-0.772963,-0.444586,-0.452627,-0.772963,-0.444586,-0.452627,-0.426099,0.76455,0.483596,-0.456099,0.742393,0.490707,-0.331828,0.827113,0.453597,-0.42375,0.766167,0.483047,0.890286,-0.211097,-0.403455,0.00303297,-0.836517,0.547932,0.00303297,-0.836517,0.547932,0.00303297,-0.836517,0.547932,0.00303406,-0.836518,0.547932,0.00303406,-0.836518,0.547932,0.00303406,-0.836518,0.547932,0.0067351,-0.835038,0.550151,0.0067351,-0.835038,0.550151,0.0067351,-0.835038,0.550151,0.00704958,-0.834929,0.550313,0.00704958,-0.834929,0.550313,0.00704958,-0.834929,0.550313,0.00673681,-0.835037,0.550152,0.00673681,-0.835037,0.550152,0.00673681,-0.835037,0.550152,0.00565079,-0.835587,0.549329,0.00565079,-0.835587,0.549329,0.00565079,-0.835587,0.549329,0.00567011,-0.835616,0.549285,0.00567011,-0.835616,0.549285,0.00567011,-0.835616,0.549285,-0.772963,-0.444586,-0.452627,-0.772963,-0.444586,-0.452627,-0.772963,-0.444586,-0.452627,-0.772964,-0.444586,-0.452626,-0.772964,-0.444586,-0.452626,-0.772964,-0.444586,-0.452626,-0.772964,-0.444586,-0.452626,-0.772964,-0.444586,-0.452626,-0.772964,-0.444586,-0.452626,-0.772964,-0.444585,-0.452627,-0.772964,-0.444585,-0.452627,-0.772964,-0.444585,-0.452627,-0.772963,-0.444587,-0.452626,-0.772963,-0.444587,-0.452626,-0.772963,-0.444587,-0.452626,-0.772964,-0.444586,-0.452626,-0.772964,-0.444586,-0.452626,-0.772964,-0.444586,-0.452626,-0.452254,0.745933,0.488876,-0.185003,0.907468,0.377117,-0.122532,0.955443,-0.268502]
            },
            "position":{
                "itemSize":3,
                "type":"Float32Array",
                "array":[-0.00608683,-0.0352004,0.00519419,-0.00416911,-0.0363242,0.0107763,-0.0117886,-0.0389091,0.00687209,-0.0171352,-0.0405878,0.00433889,-0.0137211,-0.0313902,-0.0105257,0.0215397,0.00364587,-0.0168688,0.020056,-0.0248115,0.0280429,-0.00323623,0.035257,-0.0532091,-0.0157691,0.0358486,-0.0730727,-0.0181968,0.0431439,-0.0760925,-0.028373,0.0378917,-0.0535554,-0.0190209,0.0318988,-0.0393062,0.037368,-0.00130704,0.0634882,0.0546972,-0.000249323,0.0648814,-0.00869358,0.00855729,-0.0583492,-0.0171352,-0.0405878,0.00433889,-0.0117886,-0.0389091,0.00687209,-0.0236397,-0.0190676,0.0372294,0.020056,-0.0248115,0.0280429,0.0472139,-0.0115928,0.0477556,0.0290318,-0.00386369,0.0597097,-0.028373,0.0378917,-0.0535554,-0.0298951,0.0241024,-0.0374117,-0.0190209,0.0318988,-0.0393062,-0.0107088,-0.0162359,0.0414037,-0.00416911,-0.0363242,0.0107763,0.020056,-0.0248115,0.0280429,-0.0157691,0.0358486,-0.0730727,-0.00869358,0.00855729,-0.0583492,-0.028373,0.0378917,-0.0535554,-0.0350464,-0.00107431,-0.00388527,0.00106302,-0.0125726,0.0468549,-0.0426397,-0.0232841,0.0308973,-0.0107088,-0.0162359,0.0414037,0.0472139,-0.0115928,0.0477556,-0.00416911,-0.0363242,0.0107763,-0.0236397,-0.0190676,0.0372294,-0.0117886,-0.0389091,0.00687209,-0.0426397,-0.0232841,0.0308973,-0.0171352,-0.0405878,0.00433889,-0.0236397,-0.0190676,0.0372294,0.037368,-0.00130704,0.0634882,0.0290318,-0.00386369,0.0597097,0.0472139,-0.0115928,0.0477556,0.00106302,-0.0125726,0.0468549,0.020056,-0.0248115,0.0280429,0.0290318,-0.00386369,0.0597097,0.0472139,-0.0115928,0.0477556,0.0546972,-0.000249323,0.0648814,0.037368,-0.00130704,0.0634882,0.020056,-0.0248115,0.0280429,0.00106302,-0.0125726,0.0468549,-0.0107088,-0.0162359,0.0414037,-0.0107088,-0.0162359,0.0414037,-0.0236397,-0.0190676,0.0372294,-0.00416911,-0.0363242,0.0107763,-0.0171352,-0.0405878,0.00433889,-0.0426397,-0.0232841,0.0308973,-0.0350464,-0.00107431,-0.00388527,-0.0298951,0.0241024,-0.0374117,-0.028373,0.0378917,-0.0535554,-0.00869358,0.00855729,-0.0583492,-0.0171352,-0.0405878,0.00433889,-0.0350464,-0.00107431,-0.00388527,-0.0137211,-0.0313902,-0.0105257,-0.00869358,0.00855729,-0.0583492,-0.0350464,-0.00107431,-0.00388527,-0.0298951,0.0241024,-0.0374117,-0.0181968,0.0431439,-0.0760925,-0.0157691,0.0358486,-0.0730727,-0.028373,0.0378917,-0.0535554,-0.0350464,-0.00107431,-0.00388527,-0.00869358,0.00855729,-0.0583492,-0.0137211,-0.0313902,-0.0105257,0.0290318,-0.00386369,0.0597097,0.037368,-0.00130704,0.0634882,-0.0236397,-0.0190676,0.0372294]
            }
        },
        "index":{
            "itemSize":1,
            "type":"Uint16Array",
            "array":[0,1,2,0,3,4,4,5,0,5,6,0,7,8,9,7,10,11,7,12,13,13,5,7,7,14,8,15,16,17,18,19,20,21,22,23,24,25,26,27,28,29,30,31,23,32,33,30,0,2,3,4,14,5,1,0,6,5,34,6,7,9,10,7,11,12,13,34,5,7,5,14,35,36,37,38,39,40,41,42,43,44,45,46,47,48,49,50,51,52,53,54,55,56,57,58,59,60,61,62,63,64,65,66,67,68,69,70,71,72,73,23,22,30,30,33,31,31,74,23,75,23,74,32,76,33]
        }
    },
    "metadata":{
        "color":77,
        "normal":77,
        "position":77,
        "version":3,
        "type":"BufferGeometry",