{
    "data":{
        "groups":[{
            "materialIndex":0,
            "count":342,
            "start":0
        }],
        "attributes":{
            "color":{
                "itemSize":3,
                "type":"Float32Array",
                "array":[0.870588,0.741176,0.556863,0.870588,0.741176,0.556863,0.866667,0.737255,0.54902,0.866667,0.733333,0.545098,0.866667,0.737255,0.552941,0.870588,0.741176,0.556863,0.913725,0.819608,0.698039,0.913725,0.819608,0.698039,0.870588,0.745098,0.564706,0.858824,0.709804,0.505882,0.85098,0.686275,0.462745,0.866667,0.721569,0.521569,0.866667,0.72549,0.533333,0.913725,0.819608,0.698039,0.913725,0.819608,0.698039,0.862745,0.713726,0.509804,0.592157,0.4,0.160784,0.592157,0.4,0.160784,0.592157,0.4,0.160784,0.592157,0.4,0.160784,0.592157,0.4,0.160784,0.592157,0.4,0.160784,0.592157,0.4,0.160784,0.592157,0.4,0.160784,0.592157,0.4,0.160784,0.827451,0.666667,0.415686,0.827451,0.666667,0.415686,0.827451,0.666667,0.415686,0.592157,0.4,0.160784,0.592157,0.4,0.160784,0.592157,0.4,0.160784,0.592157,0.4,0.160784,0.592157,0.4,0.160784,0.898039,0.796078,0.654902,0.870588,0.745098,0.560784,0.854902,0.713726,0.501961,0.866667,0.737255,0.54902,0.870588,0.741176,0.556863,0.905882,0.807843,0.678431,0.913725,0.819608,0.698039,0.913725,0.819608,0.698039,0.592157,0.4,0.160784,0.592157,0.4,0.160784,0.886275,0.776471,0.623529,0.827451,0.666667,0.415686,0.870588,0.741176,0.556863,0.905882,0.807843,0.678431,0.592157,0.4,0.160784,0.592157,0.4,0.160784,0.592157,0.4,0.160784,0.592157,0.396078,0.160784,0.882353,0.764706,0.596078,0.913725,0.819608,0.698039,0.827451,0.666667,0.415686,0.827451,0.666667,0.415686,0.827451,0.666667,0.415686,0.827451,0.666667,0.415686,0.827451,0.666667,0.415686,0.827451,0.666667,0.415686,0.592157,0.4,0.160784,0.592157,0.4,0.160784,0.890196,0.780392,0.627451,0.882353,0.768627,0.603922,0.827451,0.666667,0.415686,0.827451,0.666667,0.415686,0.827451,0.666667,0.415686,0.913725,0.819608,0.698039,0.827451,0.666667,0.415686,0.827451,0.666667,0.415686,0.827451,0.666667,0.415686,0.843137,0.666667,0.431373,0.882353,0.764706,0.6,0.827451,0.666667,0.415686,0.827451,0.666667,0.415686,0.827451,0.666667,0.415686,0.827451,0.666667,0.415686,0.827451,0.666667,0.415686,0.827451,0.666667,0.415686,0.827451,0.666667,0.415686,0.827451,0.666667,0.415686,0.827451,0.666667,0.415686,0.827451,0.666667,0.415686,0.827451,0.666667,0.415686,0.827451,0.666667,0.415686,0.827451,0.666667,0.415686,0.827451,0.666667,0.415686,0.827451,0.666667,0.415686,0.827451,0.666667,0.415686,0.827451,0.666667,0.415686,0.827451,0.666667,0.415686,0.827451,0.666667,0.415686,0.827451,0.666667,0.415686,0.827451,0.666667,0.415686,0.592157,0.4,0.160784,0.87451,0.74902,0.572549,0.827451,0.666667,0.415686,0.827451,0.666667,0.415686,0.827451,0.666667,0.415686,0.827451,0.666667,0.415686,0.827451,0.666667,0.415686,0.827451,0.666667,0.415686,0.827451,0.666667,0.415686,0.827451,0.666667,0.415686,0.827451,0.666667,0.415686,0.827451,0.666667,0.415686,0.827451,0.666667,0.415686,0.827451,0.666667,0.415686,0.827451,0.666667,0.415686,0.827451,0.666667,0.415686,0.827451,0.666667,0.415686,0.827451,0.666667,0.415686,0.827451,0.666667,0.415686,0.827451,0.666667,0.415686,0.827451,0.666667,0.415686,0.827451,0.666667,0.415686,0.827451,0.666667,0.415686,0.827451,0.666667,0.415686,0.827451,0.666667,0.415686,0.827451,0.666667,0.415686,0.827451,0.666667,0.415686,0.827451,0.666667,0.415686,0.827451,0.666667,0.415686,0.827451,0.666667,0.415686,0.827451,0.666667,0.415686,0.827451,0.666667,0.415686,0.827451,0.666667,0.415686,0.827451,0.666667,0.415686,0.827451,0.666667,0.415686,0.827451,0.666667,0.415686,0.827451,0.666667,0.415686,0.827451,0.666667,0.415686,0.827451,0.666667,0.415686,0.827451,0.666667,0.415686,0.827451,0.666667,0.415686,0.827451,0.666667,0.415686,0.827451,0.666667,0.415686,0.827451,0.666667,0.415686,0.886275,0.776471,0.619608,0.827451,0.666667,0.415686,0.827451,0.666667,0.415686,0.827451,0.666667,0.415686,0.827451,0.666667,0.415686,0.827451,0.666667,0.415686,0.827451,0.666667,0.415686,0.827451,0.666667,0.415686,0.827451,0.666667,0.415686,0.827451,0.666667,0.415686,0.827451,0.666667,0.415686,0.827451,0.666667,0.415686,0.827451,0.666667,0.415686,0.827451,0.666667,0.415686,0.827451,0.666667,0.415686,0.827451,0.666667,0.415686,0.827451,0.666667,0.415686,0.827451,0.666667,0.415686,0.827451,0.666667,0.415686,0.827451,0.666667,0.415686,0.827451,0.666667,0.415686,0.827451,0.666667,0.415686,0.827451,0.666667,0.415686,0.827451,0.666667,0.415686,0.827451,0.666667,0.415686,0.827451,0.666667,0.415686,0.827451,0.666667,0.415686,0.827451,0.666667,0.415686,0.827451,0.666667,0.415686,0.827451,0.666667,0.415686,0.827451,0.666667,0.415686,0.827451,0.666667,0.415686,0.827451,0.666667,0.415686,0.827451,0.666667,0.415686,0.827451,0.666667,0.415686,0.827451,0.666667,0.415686,0.827451,0.666667,0.415686,0.827451,0.666667,0.415686,0.827451,0.666667,0.415686,0.827451,0.666667,0.415686,0.827451,0.666667,0.415686,0.827451,0.666667,0.415686,0.827451,0.666667,0.415686,0.827451,0.666667,0.415686,0.827451,0.666667,0.415686,0.827451,0.666667,0.415686,0.827451,0.666667,0.415686,0.827451,0.666667,0.415686,0.827451,0.666667,0.415686,0.827451,0.666667,0.415686,0.827451,0.666667,0.415686,0.827451,0.666667,0.415686,0.827451,0.666667,0.415686,0.827451,0.666667,0.415686,0.827451,0.666667,0.415686]
            },
            "normal":{
                "itemSize":3,
                "type":"Float32Array",